<?xml version='1.0' encoding='UTF-8'?>
<shortcuts>
    <shortcut>
        <label>43753</label>
        <label2>Episode Hub Shortcut</label2>
		<defaultID>tvshows</defaultID>
        <action>ActivateWindow(Videos,TvShowTitles,return)</action>
        <icon>special://skin/extras/icons/infinity.png</icon>
    </shortcut>
    <shortcut>
        <label>43754</label>
		<label2>Episode Hub Shortcut</label2>
		<defaultID />
        <action>ActivateWindow(10025,"plugin://plugin.video.sdarot.tv/?mode=2&amp;module=http%3a%2f%2fwww.sdarot.pm%2fseries%2fgenre%2f20%d7%99%d7%a9%d7%a8%d7%90%d7%9c%d7%99&amp;name=%d7%99%d7%a9%d7%a8%d7%90%d7%9c%d7%99&amp;summary&amp;url=all-heb",return)</action>
		<icon>special://skin/extras/icons/ICONS/sdarot-tv v.2.png</icon>
    </shortcut>
    <shortcut>
        <label>43755</label>
		<label2>Episode Hub Shortcut</label2>
		<defaultID />
        <action>ActivateWindow(10025,"plugin://plugin.video.exodus/?action=tvshows&amp;url=popular",return)</action>
		<icon>special://skin/extras/icons/ICONS/exodus_icon.png</icon>
    </shortcut>
    <shortcut>
        <label>43756</label>
		<label2>Episode Hub Shortcut</label2>
		<defaultID />
        <action>ActivateWindow(10025,"plugin://plugin.video.salts/?section=TV&amp;mode=popular",return)</action>
		<icon>special://skin/extras/icons/ICONS/SALTS3.png</icon>
    </shortcut>
    <shortcut>
        <label>43757</label>
	    <label2>Episode Hub Shortcut</label2>
		<defaultID />
        <action>ActivateWindow(10025,"plugin://plugin.video.quasar/shows/popular",return)</action>
		<icon>special://skin/extras/icons/ICONS/QUSAR.png</icon>
    </shortcut>
	    <shortcut>
        <label>43792</label>
		<label2>Movie Hub Shortcut</label2>
		<defaultID>43792</defaultID>
        <action>ActivateWindow(VideoLibrary,"plugin://plugin.video.meta/tv/most_popular/1",return)</action>
		<icon>special://skin/extras/icons/ICONS/META.png</icon>
    </shortcut>
		    <shortcut>
        <label>43791</label>
		<label2>Movie Hub Shortcut</label2>
		<defaultID>43791</defaultID>
        <action>RunPlugin("plugin://plugin.video.meta/tv/search")</action>
		<icon>special://skin/extras/icons/ICONS/METAs.png</icon>
    </shortcut>
	<shortcut>
        <label>31343600</label>
		<label2>Episode Hub Shortcut</label2>
		<defaultID>137</defaultID>
        <action>RunScript(script.globalsearch,tvshows=true&amp;episodes=true&amp;movies=true)</action>
		<icon>special://skin/extras/icons/search.png</icon>
    </shortcut>
    <shortcut>
        <label2>Episode Hub Shortcut</label2>
        <label>653</label>
        <action>UpdateLibrary(video)</action>
        <icon>special://skin/extras/icons/update.png</icon>
    </shortcut>
    <shortcut>
        <label2>Episode Hub Shortcut</label2>
        <label>31100</label>
        <action>ActivateWindow(Videos,RecentlyAddedEpisodes,return)</action>
        <icon>special://skin/extras/icons/recentlyadded.png</icon>
    </shortcut>
    <shortcut>
        <label2>Episode Hub Shortcut</label2>
        <label>31101</label>
        <action>ActivateWindow(Videos,special://skin/extras/playlists/RecentEpisodes.xsp,return)</action>
        <icon>special://skin/extras/icons/recent.png</icon>
    </shortcut>
    <shortcut>
        <label2>Episode Hub Shortcut</label2>
        <label>31102</label>
        <action>PlayMedia(special://skin/extras/playlists/RandomEpisodes.xsp)</action>
        <icon>special://skin/extras/icons/signpost.png</icon>
    </shortcut>
    <shortcut>
        <label2>Episode Hub Shortcut</label2>
        <label>137</label>
        <action>RunScript(script.globalsearch,tvshows=true&amp;episodes=true&amp;movies=true)</action>
        <icon>special://skin/extras/icons/search.png</icon>
    </shortcut>
    <shortcut>
        <label2>Episode Hub Shortcut</label2>
        <label>135</label>            
        <action>ActivateWindow(Videos,TvShowGenres,return)</action>
        <icon>special://skin/extras/icons/genre.png</icon>
    </shortcut>
    <shortcut>
        <label2>Episode Hub Shortcut</label2>
        <label>20388</label>            
        <action>ActivateWindow(Videos,TvShowStudios,return)</action>
        <icon>special://skin/extras/icons/director.png</icon>
    </shortcut>
    <shortcut>
        <label2>Episode Hub Shortcut</label2>
        <label>344</label>
        <action>ActivateWindow(Videos,TvShowActors,return)</action>
        <icon>special://skin/extras/icons/actor.png</icon>
    </shortcut>
    <shortcut>
        <label2>Episode Hub Shortcut</label2>
        <label>652</label>            
        <action>ActivateWindow(Videos,TvShowYears,return)</action>
        <icon>special://skin/extras/icons/year.png</icon>
    </shortcut>
    <shortcut>
        <label2>Episode Hub Shortcut</label2>
        <label>136</label>
        <action>ActivateWindow(videos,special://videoplaylists/,return)</action>
        <icon>special://skin/extras/icons/playlist.png</icon>
    </shortcut>
    <shortcut>
        <label2>Episode Hub Shortcut</label2>
        <label>1214</label>
        <action>ActivateWindow(Videos,Files,return)</action>
        <icon>special://skin/extras/icons/files.png</icon>
    </shortcut>
    <shortcut>
        <label2>Episode Hub Shortcut</label2>
        <label>24001</label>
        <action>ActivateWindow(videos,addons://sources/video/,return)</action>
        <icon>special://skin/extras/icons/video-addons.png</icon>
    </shortcut>
</shortcuts>
