<?xml version="1.0" encoding="UTF-8"?>
<!-- Foundation -->
<window type="window" id="1113">
    <backgroundcolor>Background</backgroundcolor>
    <defaultcontrol always="true">9501</defaultcontrol>
    <onunload>SetProperty(HubReturn,1113,home)</onunload>
    <controls>
	
			         <include condition="Skin.String(categories, em) + !Skin.String(categories, list)" name="Window_Kids">
            <param name="categories" value="skinshortcuts-group-x1113" />
        </include>
		<include condition="!Skin.String(categories, em) + !Skin.String(categories, list)" name="Window_Kids2">
            <param name="categories" value="skinshortcuts-group-x1113" />
        </include>
			<include condition="Skin.String(categories, list)" name="Window_Kids3">
            <param name="categories" value="skinshortcuts-group-x1113" />
        </include>
	
    </controls>
</window>