<?xml version="1.0" encoding="UTF-8"?>
<window id="1132" type="dialog" >
	<defaultcontrol always="true">101</defaultcontrol>
		    <onunload>ClearProperty(FO9001)</onunload>
	<animation effect="zoom" start="0" end="100" center="960,420" time="200">WindowOpen</animation>
	<animation effect="zoom" start="100" end="0" center="960,420" time="200">WindowClose</animation>
	<coordinates>
		<system>1</system>
		<left>680</left>
		<top>105</top>
	</coordinates>

	<controls>
	

		<control type="image">
			<description>background image</description>
			<posx>0</posx>
			<posy>20</posy>
			<width>560</width>
			<height>150</height>
			<texture background="true">common/lock2.png</texture>
			                <animation effect="fade" end="90" condition="true">Conditional</animation>
		</control>
	<!--
	<control type="label">
			<left>700</left>
			<posy>600</posy>
			<width>545</width>
			<height>45</height>
			<align>center</align>
			<aligny>center</aligny>
			<font>Font-HomeMenu</font>
			<label>[B]לחץ חזרה לביטול[/B]</label>
		</control>
		
		<control type="image">
			<description>key image</description>
			<posx>10</posx>
			<posy>70</posy>
			<width>60</width>
			<height>60</height>
			<texture colordiffuse="Highlight2" background="true">common/key2.png</texture>
		</control>
				<control type="image">
			<description>key image</description>
			<posx>490</posx>
			<posy>70</posy>
			<width>60</width>
			<height>60</height>
			<texture colordiffuse="Highlight2"  background="true">common/key3.png</texture>
		</control>
			<control type="textbox">
			<left>20</left>
			<top>100</top>
			<width>545</width>
			<height>782</height>
			<label>$LOCALIZE[31695]</label>
			<font>font-22</font>
			<align>center</align>
		</control>
		-->
		<control type="button" id="101">
			<description>CODE Button</description>
			<left>120</left>
			<top>200</top>
			<width>500</width>
			<height>60</height>
			<font>font-30</font>
			<label>-</label>
			<align>center</align>
			<onclick>Skin.SetString(temp2)</onclick>
			<onclick>Skin.SetString(mypassword,$INFO[Skin.String(temp2)])</onclick>
			<onclick>Notification($LOCALIZE[733]:,$VAR[password_notification],5500,$VAR[password_notification_icon])</onclick>	
			<onclick>Close</onclick>
			<onclick>Skin.Reset(temp2)</onclick>
			<animation effect="fade" start="100" end="0" time="0" condition="true">Conditional</animation>
		</control>

	</controls>
</window>