<?xml version="1.0" encoding="UTF-8"?>
<!-- Foundation -->
<window id="129">
    <defaultcontrol always="true">11</defaultcontrol>
    <allowoverlay>yes</allowoverlay>

    <controls>
	        		<control type="image">
			<posy>210</posy>
			<posx>-10</posx>
			<width>1940</width>
			<height>750</height>
			<texture colordiffuse="infobg" border="5">common/white.png</texture>
			<animation effect="fade" end="90" condition="true">Conditional</animation>
			<bordertexture colordiffuse="PosterBorder" border="5">common/border-inner.png</bordertexture>
			<bordersize>1</bordersize>
		</control>
	
        <control type="group">
            <posx>horzpad</posx>
            <posy>topoffset</posy>
            <visible>!Window.IsVisible(SliderDialog) + !Window.IsVisible(FileBrowser) + !Window.IsVisible(LockSettings.xml)</visible>
            <include>Animation.SlideOpen.Left</include>
            <control type="label" description="Info Label" id="2">
                <include>DefSideLabelCoords</include>
            </control>
        </control>
        
        <control type="group">
            <posy>160</posy>
            <include>Animation.FadeIn</include>
            <include>Animation.FadeOut</include>
            <visible>!Window.IsVisible(SliderDialog) + !Window.IsVisible(FileBrowser) + !Window.IsVisible(LockSettings.xml)</visible>
            <include>DefSettingsLines</include>

            <!-- LEFT LIST -->
            <control type="grouplist" id="9100">
                <include>DefSettingsLeftGroup</include>
				<onleft>12</onleft>
                <ondown>9101</ondown>
                <control type="button" id="11">
                    <label>1024</label>
                    <include>DefSettingsCategoryButton</include>    
                </control>
                <control type="button" id="13">
                    <label>15019</label>
                    <include>DefSettingsCategoryButton</include>    
                </control>
                <control type="button" id="14">
                    <label>117</label>
                    <include>DefSettingsCategoryButton</include>    
                </control>
            </control>
            
            <!-- RIGHT LIST -->
            <control type="group">
                <include>DefSettingsRightGroup</include>
                <control type="edit" id="12">
				
                    <description>Content Picker label</description>
                    <include>DefSettingsRightGroupWidth</include>
                    <align>left</align>
                <onright>9100</onright>
                    <ondown>10</ondown>
                    <font>Font-ListInfo</font>
                    <texturefocus border="12" colordiffuse="$VAR[Highlight6]">common/white.png</texturefocus>
                </control>
            
                <control type="label">
                    <description>Content Picker label</description>
                    <right>30</right>
                    <align>right</align>
                    <font>Font-ListInfo</font>
                    <label>1022</label>
                </control>

            </control>
            <control type="list" id="10">
                <description>Control Area</description>
                <posy>189</posy>
                <height>483</height>
                <onup>12</onup>
                <onright>9100</onright>
                <ondown>9101</ondown>
				
                <include>DefSettingsRightGroup</include>
                <itemlayout height="69" width="1200">

                    <control type="label">
                        <posx>-30</posx>
                        <width>500</width>
                        <height>66</height>
                        <aligny>center</aligny>
                        <font>Font-ListInfo</font>
                        <selectedcolor>Highlight</selectedcolor>
                        <label>$INFO[ListItem.Label]$INFO[ListItem.Label2,  •  ,]</label>
                    </control>

                </itemlayout>

                <focusedlayout height="69" width="1200">
                
                    <control type="image">
                        <height>66</height>
                        <include>DefSettingsRightGroupWidth</include>
                        <texture border="12" colordiffuse="$VAR[Highlight6]">common/white.png</texture>
                        <visible>Control.HasFocus(10)</visible>
                    </control>

                    <control type="label">
                        <posx>-30</posx>
                        <include>DefSettingsRightGroupWidth</include>
                        <width>500</width>
                        <height>66</height>
                    <align>right</align>
                        <label>$INFO[ListItem.Label]$INFO[ListItem.Label2,  •  ,]</label>
                        <textcolor>white</textcolor>
                        <selectedcolor>white</selectedcolor>
                        <font>Font-ListInfo</font>
                    </control>

                </focusedlayout>
            </control>
            
            
            <!-- OK CANCEL DEFAULTS -->
            
            <control type="grouplist" id="9101">
                <include>DefSettingsOKCancelGroup</include>
				
                <control type="button" id="18">
                    <label>186</label>
                    <include>DefSettingsOKCancelButton</include>
                </control>

                <control type="button" id="19">
                    <description>Cancel</description>
                    <label>222</label>
                    <include>DefSettingsOKCancelButton</include>
                </control>

            </control>
            
        </control>
    </controls>
       
</window>
