<?xml version="1.0" encoding="UTF-8"?>
<!-- Foundation -->
<window id="10140">
    <defaultcontrol always="true">2</defaultcontrol>
    <allowoverlay>yes</allowoverlay>
    <controls>
        		<control type="image">
			<posy>210</posy>
			<posx>-10</posx>
			<width>1940</width>
			<height>750</height>
			<texture colordiffuse="infobg" border="5">common/white.png</texture>
			<animation effect="fade" end="90" condition="true">Conditional</animation>
			<bordertexture colordiffuse="PosterBorder" border="5">common/border-inner.png</bordertexture>
			<bordersize>1</bordersize>
		</control>
		
        <control type="group">
            <posx>horzpad</posx>
            <posy>topoffset</posy>
            <include>Animation.SlideOpen.Left</include>
            <control type="label" description="Info Label">
                <include>DefSideLabelCoords</include>
                <label>1045</label>
                <visible>!Window.IsVisible(SliderDialog)</visible>
                <visible>!Window.IsVisible(FileBrowser)</visible>
                <visible>!Window.IsVisible(LockSettings.xml)</visible>
                <visible>!Window.IsVisible(DialogSelect.xml)</visible>
            </control>
            <control type="label" id="20">
                <visible>false</visible>
            </control>
        </control>
        
        <control type="group">
            <posy>160</posy>
            <include>DefSettingsLines</include>
            <include>Animation.FadeIn</include>
            <include>Animation.FadeOut</include>
            <visible>!Window.IsVisible(SliderDialog)</visible>
            <visible>!Window.IsVisible(FileBrowser)</visible>
            <visible>!Window.IsVisible(LockSettings.xml)</visible>
            <visible>!Window.IsVisible(DialogSelect.xml)</visible>

            <control type="grouplist" id="9">
                <include>DefSettingsLeftGroup</include>
                <onright>10</onright>
                <onleft>2</onleft>
                <onup>10</onup>
            </control>
            
            <control type="togglebutton" id="13">
                <description>Default Category Button</description>
                <align>right</align>
                <textcolor>Disabled</textcolor>
                <width>393</width>
				
                <texturefocus border="12" colordiffuse="$VAR[Highlight6]">common/white.png</texturefocus>
            </control>
            
            <control type="grouplist" id="2">
                <description>Control Area</description>
                <pagecontrol>10</pagecontrol>
                <include>DefSettingsRightGroup</include>
                <onleft>2</onleft>
                <onright>9</onright>
                <onup>-</onup>
                <ondown>10</ondown>
            </control>

            <control type="button" id="3">
                <description>Default Button</description>
                <align>left</align>
                <font>Font-ListInfo</font>
                <texturefocus border="12" colordiffuse="$VAR[Highlight6]">common/white.png</texturefocus>
            </control>

            <control type="radiobutton" id="4">
                <description>Default Radio Button</description>
                <align>right</align>
                <font>Font-ListInfo</font>
								<font>Font-ListInfo</font>
					<radiowidth>40</radiowidth>
					<radioheight>40</radioheight>
					<radioposx>40</radioposx>      
                <texturefocus border="12" colordiffuse="$VAR[Highlight6]">common/white.png</texturefocus>
            </control>

            <control type="spincontrolex" id="5">
                <description>Default Spin Control</description>
                <align>left</align>
					<font>Font-ListInfo</font>
					<radiowidth>40</radiowidth>
					<radioheight>40</radioheight>
					<radioposx>40</radioposx>      
                <texturefocus border="12" colordiffuse="$VAR[Highlight6]">common/white.png</texturefocus>
            </control>

            <control type="label" id="7">
                <textoffsetx>30</textoffsetx>
                <textcolor>$VAR[Highlight6]</textcolor>
            </control>

            <control type="image" id="6">
                <description>Default Seperator</description>
                <height>-3</height>
                <texture>-</texture>
            </control>

            <control type="sliderex" id="8">
                <description>Default Slider</description>
                <font>Font-ListInfo</font>
				                <align>right</align>

                <texturefocus border="12" colordiffuse="$VAR[Highlight6]">common/white.png</texturefocus>
            </control>
            
            <control type="grouplist">
                <itemgap>32</itemgap>
                <onup>2</onup>
                <include>DefSettingsOKCancelGroup</include>
                <control type="button" id="10">
                    <label>186</label>
                    <include>DefSettingsOKCancelButton</include>
                </control>

                <control type="button" id="11">
                    <description>Cancel</description>
                    <label>222</label>
                    <include>DefSettingsOKCancelButton</include>
                </control>
                
                <control type="button" id="12">
                    <description>Defaults Button</description>
                    <label>409</label>
                    <include>DefSettingsOKCancelButton</include>
                </control>
            </control>
            
        </control>

        
    </controls>

</window>
