﻿<?xml version="1.0" encoding="UTF-8"?>
<addon
    id="skin.eminence.zeev"
    version="2.5.0"
    name="Eminence Zeev"
    provider-name="jurialmunkey">
  <requires>
		<import addon="xbmc.gui" version="5.10.0"/>
		<import addon="script.skin.helper.service" version="1.0.0"/>
		<import addon="script.skinshortcuts" version="0.6.6"/>
		<import addon="script.artwork.downloader" version="12.0.20"/>
		<import addon="plugin.program.autocompletion" version="1.0.0"/>
		<import addon="script.image.resource.select" version="0.1.0"/>
		<import addon="resource.images.weatherfanart.single" version="0.0.6"/>
				
		<import addon="script.favourites" version="5.0.0"/>
		<import addon="service.library.data.provider" version="0.1.1"/> 
		<import addon="script.extendedinfo" version="3.0.0"/>
		<import addon="script.globalsearch" version="1.1.1"/>
  </requires>
  <extension
  point="xbmc.gui.skin"
  defaultthemename="textures.xbt"
  debugging="false"
  effectslowdown="1">
    <res width="1920" height="1080" aspect="16:9" default="true" folder="1080i" />
  </extension>
  <extension point="xbmc.addon.metadata">
    <summary lang="en">www.The-Vibe.co.il</summary>
    <summary lang="he">www.The-Vibe.co.il</summary>
    <description lang="en">Eminence is a skin that seeks simplicity, functionality, and customisability with a modern look</description>
    <description lang="he">המעטפת Eminence מתמקדת בפשטות, פונקציונליות, יכולת התאמה אישית ובעלת מראה מודרני</description>
    <platform>all</platform>
  </extension>
</addon>